{
  "config": {
    "max_completion_tokens": 12,
    "num_problems": 1,
    "pass_k": 0,
    "prune_threshold": 0.4,
    "seed": 7,
    "stage": 1,
    "stage1_wrong_reward": 0.1,
    "temperature": 0.8,
    "top_k": 20
  },
  "results": [
    {
      "checkpoint": "/Users/peterwei/Desktop/wokspace/reciprocator/runs/lisp_math_pretrain_dynamic_growth_h256_20260424/checkpoint_step_000500.pt",
      "checkpoint_step": 500,
      "greedy_correct": 0,
      "greedy_error_counts": {
        "parse_error": 1
      },
      "greedy_exact": 0.0,
      "lm_config": {
        "hidden_size": 256,
        "normalization_type": "frobenius",
        "num_layers": 1,
        "phase_type": "rope",
        "readout_type": "phase_aware",
        "state_shape": [
          2,
          3,
          4
        ],
        "token_magnitude_type": "inverse_frequency_learned"
      },
      "num_problems": 1,
      "pass_at_k": 0.0,
      "pass_correct": 0,
      "pass_k": 0,
      "residual_diagnostics": {
        "growth_residual_threshold": 0.12,
        "layer_mode_residual_ema": [
          [
            0.14575792849063873,
            1.0359053703723475e-07,
            8.505173099138119e-08
          ]
        ],
        "layer_mode_residual_norms": [
          [
            0.14575792849063873,
            1.0359053703723475e-07,
            8.505173099138119e-08
          ]
        ],
        "max_growth_pressure": 1.2146494388580322,
        "max_pruning_pressure": 4.544460773468018,
        "mode_pruning_pressure": [
          3.824314832687378,
          4.544460773468018,
          3.7101101875305176
        ],
        "mode_redundancy_ema": [
          0.1045939028263092,
          0.0880192443728447,
          0.1078135073184967
        ],
        "mode_redundancy_norms": [
          0.1045939028263092,
          0.0880192443728447,
          0.1078135073184967
        ],
        "mode_residual_ema": [
          0.14575792849063873,
          1.0359053703723475e-07,
          8.505173099138119e-08
        ],
        "mode_residual_norms": [
          0.14575792849063873,
          1.0359053703723475e-07,
          8.505173099138119e-08
        ],
        "mode_slice_activation_variance_ema": [
          [
            0.015223241411149502,
            0.047819834202528
          ],
          [
            0.017438769340515137,
            0.0675714910030365,
            0.004778587259352207
          ],
          [
            0.08464620262384415,
            0.005897824186831713,
            0.022910168394446373,
            0.0029905003029853106
          ]
        ],
        "prune_candidate_modes": [
          0,
          1,
          2
        ],
        "prune_threshold": 0.4,
        "rank_residuals_saturated": false,
        "residual_saturate_threshold": 0.07,
        "state_shape": [
          2,
          3,
          4
        ],
        "step": 500
      },
      "sample_error_counts": {},
      "samples": [
        {
          "expected_result": "3",
          "greedy_completion": "",
          "greedy_correct": false,
          "greedy_error_type": "parse_error",
          "greedy_reward": 0.0,
          "index": 0,
          "prompt_expression": "(* 1 3)",
          "sampled_completions": []
        }
      ],
      "stage": 1
    },
    {
      "checkpoint": "/Users/peterwei/Desktop/wokspace/reciprocator/runs/lisp_math_rl_stage1_grpo_h256_20260424/checkpoint_step_000025.pt",
      "checkpoint_step": 25,
      "greedy_correct": 0,
      "greedy_error_counts": {
        "wrong_result": 1
      },
      "greedy_exact": 0.0,
      "lm_config": {
        "hidden_size": 256,
        "normalization_type": "frobenius",
        "num_layers": 1,
        "phase_type": "rope",
        "readout_type": "phase_aware",
        "state_shape": [
          2,
          3,
          4
        ],
        "token_magnitude_type": "inverse_frequency_learned"
      },
      "num_problems": 1,
      "pass_at_k": 0.0,
      "pass_correct": 0,
      "pass_k": 0,
      "residual_diagnostics": {
        "growth_residual_threshold": 0.12,
        "layer_mode_residual_ema": [
          [
            0.1461450457572937,
            8.576262189308181e-08,
            5.625064858350015e-08
          ]
        ],
        "layer_mode_residual_norms": [
          [
            0.1461450457572937,
            8.576262189308181e-08,
            5.625064858350015e-08
          ]
        ],
        "max_growth_pressure": 1.217875361442566,
        "max_pruning_pressure": 4.31687593460083,
        "mode_pruning_pressure": [
          3.706982135772705,
          4.31687593460083,
          3.2675397396087646
        ],
        "mode_redundancy_ema": [
          0.10790448635816574,
          0.0926596000790596,
          0.12241627275943756
        ],
        "mode_redundancy_norms": [
          0.10790448635816574,
          0.0926596000790596,
          0.12241627275943756
        ],
        "mode_residual_ema": [
          0.1461450457572937,
          8.576262189308181e-08,
          5.625064858350015e-08
        ],
        "mode_residual_norms": [
          0.1461450457572937,
          8.576262189308181e-08,
          5.625064858350015e-08
        ],
        "mode_slice_activation_variance_ema": [
          [
            0.015109290368855,
            0.04786400869488716
          ],
          [
            0.017201919108629227,
            0.06747803837060928,
            0.004807786550372839
          ],
          [
            0.08472373336553574,
            0.006014586891978979,
            0.02244408242404461,
            0.00298270583152771
          ]
        ],
        "prune_candidate_modes": [
          0,
          1,
          2
        ],
        "prune_threshold": 0.4,
        "rank_residuals_saturated": false,
        "residual_saturate_threshold": 0.07,
        "state_shape": [
          2,
          3,
          4
        ],
        "step": 25
      },
      "sample_error_counts": {},
      "samples": [
        {
          "expected_result": "3",
          "greedy_completion": "0",
          "greedy_correct": false,
          "greedy_error_type": "wrong_result",
          "greedy_reward": 0.1,
          "index": 0,
          "prompt_expression": "(* 1 3)",
          "sampled_completions": []
        }
      ],
      "stage": 1
    }
  ]
}
